id,name,name_plural,abbreviation,base_unit,base_conv_factor,conv_type
1,meter,meters,m,t,"{""factor"": 1}",0
2,millimeter,millimeters,mm,f,"{""factor"": 0.001}",0
3,centimeter,centimeters,cm,f,"{""factor"": 0.01}",0
4,kilometer,kilometers,km,f,"{""factor"": 1000}",0
5,mile,miles,mi,f,"{""factor"": 1609.34}",0
6,foot,feet,ft,f,"{""factor"": 0.3048}",0
7,date,dates,date,t,"{""factor"": 1}",0
8,inch,inches,in,f,"{""factor"": 0.0254}",0
9,yard,yards,yd,f,"{""factor"": 0.9144}",0
10,kilogram,kilograms,kg,t,"{""factor"": 1}",0
11,milligram,milligrams,mg,f,"{""factor"": 0.000001}",0
12,hectogram,hectograms,hg,f,"{""factor"": 0.1}",0
13,gram,grams,g,f,"{""factor"": 0.001}",0
14,tonne,tonnes,t,f,"{""factor"": 1000}",0
15,"ton (US, short)","tons (US, short)",sh. t,f,"{""factor"": 907.18474}",0
16,"tonne (UK, long)","tonnes (UK, long)",l. t,f,"{""factor"": 1016.046909}",0
17,gigagram,gigagrams,Gg,f,"{""factor"": 1000000}",0
18,pound,pounds,lb,f,"{""factor"": 0.45359237}",0
19,ounce,ounces,oz,f,"{""factor"": 0.028349523}",0
20,"bushel (wheat, white potatoes, beans, soybeans, peas)","bushels (wheat, white potatoes, beans, soybeans, peas)",bu,f,"{""factor"": 27.21532767}",0
21,bushel (oats),bushels (oats),bu,f,"{""factor"": 15.42210296}",0
22,"bushel (barley, buckwheat, apples)","bushels (barley, buckwheat, apples)",bu,f,"{""factor"": 21.77226214}",0
23,"bushel (corn, rye, sorghum grain, flaxseed)","bushels (corn, rye, sorghum grain, flaxseed)",bu,f,"{""factor"": 25.40134119}",0
24,"bushel (canola, mustard seed, canary seed)","bushels (canola, mustard seed, canary seed)",bu,f,"{""factor"": 22.6796}",0
25,bushel (30lb sunflower seed),bushels (30lb sunflower seed),bu,f,"{""factor"": 13.60784901}",0
26,bushel (50lb triticale),bushels (50lb triticale),bu,f,"{""factor"": 23.58713086}",0
27,second,seconds,s,t,"{""factor"": 1}",0
28,millisecond,milliseconds,ms,f,"{""factor"": 0.001}",0
29,minute,minutes,min,f,"{""factor"": 60}",0
30,hour,hours,h,f,"{""factor"": 3600}",0
31,day,days,d,f,"{""factor"": 86400}",0
32,week,weeks,wk,f,"{""factor"": 604800}",0
33,month,months,mo,f,"{""factor"": 2592000}",0
34,year,years,yr,f,"{""factor"": 31536000}",0
35,Kelvin,Kelvin,K,t,"{""factor"": 1, ""offset"": 0}",1
36,Celsius,Celsius,°C,f,"{""factor"": 1, ""offset"": 273.15}",1
37,Fahrenheit,Fahrenheit,°F,f,"{""factor"": 0.5555555555555556, ""offset"": 255.37222222222222222222}",1
38,square meter,square meters,m²,t,"{""factor"": 1}",0
39,square centimeter,square centimeters,cm²,f,"{""factor"": 0.0001}",0
40,square kilometer,square kilometers,km²,f,"{""factor"": 1000000}",0
41,acre,acres,acre,f,"{""factor"": 4046.856422}",0
42,hectare,hectares,ha,f,"{""factor"": 10000}",0
43,US Dollar (constant 2010),US Dollars (constant 2010),USD (constant 2010),f,"{""factor"": null}",0
44,square foot,square feet,ft²,f,"{""factor"": 0.09290304}",0
45,square inch,square inches,in²,f,"{""factor"": 0.00064516}",0
46,square mile,square miles,mi²,f,"{""factor"": 2589988.11}",0
47,square millimeter,square millimeters,mm²,f,"{""factor"": 0.000001}",0
48,square yard,square yards,yd²,f,"{""factor"": 0.83612736}",0
49,cubic meter,cubic meters,m³,t,"{""factor"": 1}",0
50,cubic millimeter,cubic millimeters,mm³,f,"{""factor"": 0.000000001}",0
51,cubic centimeter,cubic centimeters,cm³,f,"{""factor"": 0.000001}",0
52,liter,liters,L,f,"{""factor"": 0.001}",0
53,centiliter,centiliters,cL,f,"{""factor"": 0.00001}",0
54,milliliter,milliliters,mL,f,"{""factor"": 0.000001}",0
55,dekaliter,dekaliters,daL,f,"{""factor"": 0.01}",0
56,gallon (fluid),gallons (fluid),gal,f,"{""factor"": 0.003785412}",0
57,gallon (UK),gallons (UK),gal,f,"{""factor"": 0.00454609}",0
58,barrel (petroleum),barrels (petroleum),bbl,f,"{""factor"": 0.158987295}",0
59,fluid ounce,fluid ounces,fl oz,f,"{""factor"": 0.0000295735}",0
60,fluid ounce (UK),fluid ounces (UK),fl oz,f,"{""factor"": 0.000028413}",0
61,tonne per hectare,tonnes per hectare,t/ha,f,"{""factor"": 0.1}",0
62,tonne per acre,tonnes per acre,t/acre,f,"{""factor"": 0.247105382}",0
63,tonne per square kilometer,tonnes per square kilometer,t/km²,f,"{""factor"": 0.001}",0
64,tonne per square mile,tonnes per square mile,t/mi²,f,"{""factor"": 0.000386102}",0
65,Local Currency Unit (constant 2010),Local Currency Units (constant 2010),LCU (constant 2010),f,"{""factor"": null}",0
66,US Dollar per barrel,US Dollars per barrel,USD/BBL,f,"{""factor"": 6.289810767583662}",0
67,kilogram per square meter,kilograms per square meter,kg/m²,t,"{""factor"": 1}",0
68,"ton (US, short) per hectare","tons (US, short) per hectare",sh. t/ha,f,"{""factor"": 0.090718474}",0
69,"ton (US, short) per acre","tons (US, short) per acre",sh. t/acre,f,"{""factor"": 0.224170231}",0
70,"ton (US, short) per square kilometer","tons (US, short) per square kilometer",sh. t/km²,f,"{""factor"": 0.000907185}",0
71,"ton (US, short) per square mile","tons (US, short) per square mile",sh. t/mi²,f,"{""factor"": 0.000350266}",0
72,US Dollar per dry tonne,US Dollars per dry tonne,USD/t (dry),f,"{""factor"": 0.001}",0
73,US Dollar per Million British Thermal Units,US Dollars per Million British Thermal Units,USD/MMBTU,f,"{""factor"": 0.000000000947813394498891}",0
74,kilogram per hectare,kilograms per hectare,kg/ha,f,"{""factor"": 0.0001}",0
75,kilogram per acre,kilograms per acre,kg/acre,f,"{""factor"": 0.000247105}",0
76,kilogram per square kilometer,kilograms per square kilometer,kg/km²,f,"{""factor"": 0.000001}",0
77,kilogram per square mile,kilograms per square mile,kg/mi²,f,"{""factor"": 0.0000003861}",0
78,US Dollar per troy ounce,US Dollars per troy ounce,USD/TOZ,f,"{""factor"": 32.157}",0
79,Price Index in US Dollar (Year 2000=100),Price Indices in US Dollar (Year 2000=100),Price Index in USD (Yr. 2000 = 100),t,"{""factor"": null}",0
80,pound per hectare,pounds per hectare,lb/ha,f,"{""factor"": 0.00004536}",0
81,pound per acre,pounds per acre,lb/acre,f,"{""factor"": 0.000112085}",0
82,pound per square kilometer,pounds per square kilometer,lb/km²,f,"{""factor"": 0.0000004536}",0
83,pound per square mile,pounds per square mile,lb/mi2,f,"{""factor"": 0.00000017513}",0
84,US cent per kilogram,US cents per kilogram,cts./kg,f,"{""factor"": 0.01}",0
85,US cent per sheet,US cents per sheet,cts./sheet,f,"{""factor"": 0.01}",0
86,hectogram per hectare,hectograms per hectare,hg/ha,f,"{""factor"": 0.00001}",0
87,hectogram per acre,hectograms per acre,hg/acre,f,"{""factor"": 0.00002471}",0
88,milligram per hectare,milligrams per hectare,mg/ha,f,"{""factor"": 0.0000000001}",0
89,US cent per troy ounce,US cents per troy ounce,cts./TOZ,f,"{""factor"": 0.32157}",0
90,US cent per dry tonne,US cents per dry tonne,cts/t (dry),f,"{""factor"": 0.00001}",0
91,Afghan Afghani per head,Afghan Afghanis per head,AFN/head,f,"{""factor"": null}",0
92,Afghan Afghani per kilogram,Afghan Afghanis per kilogram,AFN/kg,f,"{""factor"": null}",0
93,Afghan Afghani per liter,Afghan Afghanis per liter,AFN/L,f,"{""factor"": null}",0
94,South African Rand per tonne,South African Rands per tonne,ZAR/t,f,"{""factor"": null}",0
95,Armenian dram per kilogram,Armenian drams per kilogram,AMD/kg,f,"{""factor"": null}",0
96,Armenian dram per liter,Armenian drams per liter,AMD/L,f,"{""factor"": null}",0
97,Azerbaijani manat per kilogram,Azerbaijani manats per kilogram,AZN/kg,f,"{""factor"": null}",0
98,Azerbaijani manat per liter,Azerbaijani manats per liter,AZN/L,f,"{""factor"": null}",0
99,Bangladeshi taka per kilogram,Bangladeshi taka per kilogram,BDT/kg,f,"{""factor"": null}",0
100,Bangladeshi taka per liter,Bangladeshi taka per liter,BDT/L,f,"{""factor"": null}",0
101,Bhutanese ngultrum per kilogram,Bhutanese ngultrums per kilogram,BTN/kg,f,"{""factor"": null}",0
102,kilogram per head,kilograms per head,kg/head,t,"{""factor"": 1}",0
103,percent,percent,%,t,"{""factor"": 0.01}",0
104,head,heads,head,t,"{""factor"": 1}",0
105,Bolivian Boliviano per kilogram,Bolivian Bolivianos per kilogram,BOB/kg,f,"{""factor"": null}",0
106,unit,units,unit,f,"{""factor"": 1}",0
107,full-time equivalent,full-time equivalent,full-time equiv,f,"{""factor"": 1}",0
108,head per square meter,heads per square meter,head/m²,t,"{""factor"": 1}",0
109,head per hectare,heads per hectare,head/ha,f,"{""factor"": 0.0001}",0
110,US Dollar,US Dollars,USD,t,"{""factor"": 1}",0
111,South African Rand per kilogram,South African Rands per kilogram,ZAR/kg,f,"{""factor"": null}",0
112,International Dollar,International Dollars,Int Dollar,f,"{""factor"": null}",0
113,Local Currency Unit,Local Currency Units,LCU,f,"{""factor"": null}",0
114,Standard Local Currency,Standard Local Currency,SLC,f,"{""factor"": null}",0
115,Joule,Joules,J,t,"{""factor"": 1}",0
116,calorie,calories,Cal,f,"{""factor"": 4.184}",0
117,kilocalorie,kilocalories,kCal,f,"{""factor"": 4184}",0
118,calorie per capita per day,calories per capita per day,Cal/capita/d,f,"{""factor"": 0.00004843}",0
119,kilocalorie per capita per day,kilocalories per capita per day,kCal/capita/d,f,"{""factor"": 0.048426}",0
120,kilocalorie per capita per week,kilocalories per capita per week,kCal/capita/wk,f,"{""factor"": 0.006918}",0
121,kilocalorie per capita per month,kilocalories per capita per month,kCal/capita/mo,f,"{""factor"": 0.001614196}",0
122,kilocalorie per capita per year,kilocalories per capita per year,kCal/capita/yr,f,"{""factor"": 0.000132763}",0
123,joule per capita per second,joules per capita per second,J/capita/s,t,"{""factor"": 1}",0
124,joule per capita per day,joules per capita per day,J/capita/d,f,"{""factor"": 0.000011574}",0
125,joule per capita per week,joules per capita per week,J/capita/wk,f,"{""factor"": 0.0000016534}",0
126,joule per capita per month,joules per capita per month,J/capita/mo,f,"{""factor"": 0.000000385802}",0
127,joule per capita per year,joules per capita per year,J/capita/yr,f,"{""factor"": 0.0000000317098}",0
128,none,none,none,t,"{""factor"": 1}",0
129,US Dollar per kilogram,US Dollars per kilogram,USD/kg,t,"{""factor"": 1}",0
130,Local Currency Unit per tonne,Local Currency Units per tonne,LCU/t,f,"{""factor"": null}",0
131,hectare per day,hectares per day,ha/d,f,"{""factor"": 0.115740741}",0
132,square meter per second,square meters per second,m²/s,t,"{""factor"": 1}",0
133,hectare per week,hectares per week,ha/wk,f,"{""factor"": 0.016534392}",0
134,hectare per month,hectares per month,ha/mo,f,"{""factor"": 0.00380517}",0
135,hectare per year,hectares per year,ha/yr,f,"{""factor"": 0.000317098}",0
136,acre per week,acres per day,acre/d,f,"{""factor"": 0.046838616}",0
137,Cambodian Riel per kilogram,Cambodian Riels per kilogram,KHR/kg,f,"{""factor"": null}",0
138,acre per month,acres per month,acre/mo,f,"{""factor"": 0.0015399}",0
139,acre per year,acres per year,acre/yr,f,"{""factor"": 0.000128325}",0
140,Cape Verdean Escudo per kilogram,Cape Verdean Escudos per kilogram,CVE/kg,f,"{""factor"": null}",0
141,US Dollar per gram,US Dollars per gram,USD/g,f,"{""factor"": 1000}",0
142,GLASOD erosion degree,GLASOD erosion degree,GLASOD degree,t,"{""factor"": 1}",0
153,International US Dollar,International US Dollars,Int USD,f,"{""factor"": null}",0
154,Great Britain Pound per tonne,Great Britain Pounds per tonne,GBP/t,f,"{""factor"": null}",0
155,kilogram per capita per second,kilograms per capita per second,kg/capita/s,t,"{""factor"": 1}",0
156,gram per capita per day,grams per capita per day,g/capita/d,f,"{""factor"": 0.0000000116}",0
157,gram per capita per week,grams per capita per week,g/capita/wk,f,"{""factor"": 0.00000000165}",0
158,gram per capita per month,grams per capita per month,g/capita/mo,f,"{""factor"": 0.000000000386}",0
159,gram per capita per year,grams per capita per year,g/capita/yr,f,"{""factor"": 0.0000000000317}",0
160,kilogram per capita per day,kilograms per capita per day,kg/capita/d,f,"{""factor"": 0.0000116}",0
161,kilogram per capita per week,kilograms per capita per week,kg/capita/wk,f,"{""factor"": 0.00000165}",0
162,kilogram per capita per month,kilograms per capita per month,kg/capita/mo,f,"{""factor"": 0.000000386}",0
163,kilogram per capita per year,kilograms per capita per year,kg/capita/yr,f,"{""factor"": 0.0000000317}",0
164,pound per capita per day,pounds per capita per day,lb/capita/d,f,"{""factor"": 0.0000525}",0
165,pound per capita per week,pounds per capita per week,lb/capita/wk,f,"{""factor"": 0.000000745}",0
166,pound per capita per month,pounds per capita per week,lb/capita/mo,f,"{""factor"": 0.0000001725}",0
167,pound per capita per year,pounds per capita per year,lb/capita/yr,f,"{""factor"": 0.000000014374}",0
168,Colombian Peso per kilogram,Colombian Pesos per kilogram,COP/kg,f,"{""factor"": null}",0
169,Colombian Peso per liter,Colombian Pesos per liter,COP/L,f,"{""factor"": null}",0
170,Congolese Franc per kilogram,Congolese Francs per kilogram,CDF/kg,f,"{""factor"": null}",0
171,Congolese Franc per liter,Congolese Francs per liter,CDF/L,f,"{""factor"": null}",0
172,"US Dollar per tonne (UK, long)","US Dollars per tonne (UK, long)",USD/t,f,"{""factor"": 0.000984207}",0
173,US Dollar per ounce,US Dollars per ounce,USD/oz,f,"{""factor"": 35.2739619}",0
175,Dominican Peso per kilogram,Dominican Pesos per kilogram,DOP/kg,f,"{""factor"": null}",0
177,Rwandan Franc per tonne,Rwandan Francs per tonne,RWF/t,f,"{""factor"": null}",0
179,Ethiopian Birr per liter,Ethiopian Birr per liter,ETB/L,f,"{""factor"": null}",0
180,Local Currency Unit (constant 2005),Local Currency Units (constant 2005),LCU (constant 2005),f,"{""factor"": null}",0
181,US Dollar per tonne,US Dollars per tonne,USD/t,f,"{""factor"": 0.001}",0
182,Gambian Dalasi per kilogram,Gambian Dalasi per kilogram,GMD/kg,f,"{""factor"": null}",0
183,kilogram per animal,kilograms per animal,kg/an,t,"{""factor"": 1}",0
184,hectogram per animal,hectograms per animal,hg/an,f,"{""factor"": 0.1}",0
185,unit per square kilometer of arable land,units per square kilometer of of arable land,unit/km²,f,"{""factor"": 0.000001}",0
186,unit per square meter of arable land,units per square meter of of arable land,unit/m²,t,"{""factor"": 1}",0
187,ratio,ratios,ratio,t,"{""factor"": 1}",0
189,index,indices,index,t,"{""factor"": 1}",0
195,kilogram per hectare of arable land,kilograms per hectare of arable land,kg/ha,f,"{""factor"": 0.0001}",0
196,kilogram per square meter of arable land,kilograms per square meter of arable land,kg/m²,f,"{""factor"": 1}",0
199,Gambian Dalasi per liter,Gambian Dalasi per liter,GMD/L,f,"{""factor"": null}",0
200,Georgian Lari per kilogram,Georgian Laris per kilogram,GEL/kg,f,"{""factor"": null}",0
202,kilogram N₂O per kilogram N,kilograms N₂O per kilogram N,kg N₂O/kg N,t,"{""factor"": 1}",0
203,Guatemalan Quetzal per kilogram,Guatemalan Quetzales per kilogram,GTQ/kg,f,"{""factor"": null}",0
206,unit per square kilometer,units per square kilometer,unit/km²,f,"{""factor"": 0.000001}",0
207,Guatemalan Quetzal per liter,Guatemalan Quetzales per liter,GTQ/L,f,"{""factor"": null}",0
208,price index,price indices,price index,f,"{""factor"": 1}",0
210,US Dollar per capita,US Dollars per capita,USD/capita,t,"{""factor"": 1}",0
211,US Dollar per capita (constant 2004-2006),US Dollars per capita (constant 2004-2006),USD (constant 2004-2006)/capita,f,"{""factor"": null}",0
215,Haitian Gourde per kilogram,Haitian Gourdes per kilogram,HTG/kg,f,"{""factor"": null}",0
216,Haitian Gourde per liter,Haitian Gourdes per liter,HTG/L,f,"{""factor"": null}",0
217,Indian Rupee per kilogram,Indian Rupees per kilogram,INR/kg,f,"{""factor"": null}",0
218,kilometer per 100 square kilometers,kilometers per 100 square kilometers,km/100 km²,f,"{""factor"": 0.00001}",0
219,Indian Rupee per liter,Indian Rupees per liter,INR/L,f,"{""factor"": null}",0
223,US Dollar (constant 2005),US Dollars(constant 2005),USD (constant 2005),f,"{""factor"": null}",0
224,Local Currency Unit (constant),Local Currency Units (constant),LCU (constant),f,"{""factor"": null}",0
225,number,numbers,number,f,"{""factor"": 1}",0
226,Indonesian Rupiah per kilogram,Indonesian Rupiah per kilogram,IDR/kg,f,"{""factor"": null}",0
227,US Dollar (constant),US Dollars (constant),USD (constant),f,"{""factor"": null}",0
228,Indonesian Rupiah per liter,Indonesian Rupiah per liter,IDR/L,f,"{""factor"": null}",0
229,Iranian Rial per kilogram,Iranian Rials per kilogram,IRR/kg,f,"{""factor"": null}",0
230,480 lb bale,480 lb bale,480 lb bales,f,"{""factor"": 217.7243376}",0
231,60 kg bag,60 kg bag,60 kg bags,f,"{""factor"": 60}",0
232,metric ton carcass-weight equivalent for swine,metric tons carcass-weight equivalent for swine,"mt cwe, swine",f,"{""factor"": 1000}",0
233,bush,bushes,bush,f,"{""factor"": 1}",0
234,colony,colonies,colonies,f,"{""factor"": 1}",0
235,piece,pieces,pcs,f,"{""factor"": 1}",0
236,decimal fraction,decimal fractions,dec. fraction,t,"{""factor"": 1}",0
237,tree,trees,trees,f,"{""factor"": 1}",0
238,"tonne, raw equivalent value","tonnes, raw equivalent value",t (raw eq),f,"{""factor"": 1000}",0
239,"tonne, raw equivalent weight","tonnes, raw equivalent weight",t (raw ew),f,"{""factor"": 1000}",0
240,"tonne, refined value","tonnes, refined value",t (re),f,"{""factor"": 1000}",0
241,"tonne, net weight","tonnes, net weight",t (net weight),f,"{""factor"": 1000}",0
242,"tonne, carcass-weight equivalent for beef","tonnes, carcass-weight equivalent for beef",t cwe (beef),f,"{""factor"": 1000}",0
243,"tonne, carcass-weight equivalent for lamb","tonnes, carcass-weight equivalent for lamb",t cwe (lamb),f,"{""factor"": 1000}",0
244,Iranian Rial per liter,Iranian Rials per liter,IRR/L,f,"{""factor"": null}",0
245,Iraqi Dinar per kilogram,Iraqi Dinars per kilogram,IQD/kg,f,"{""factor"": null}",0
246,Iraqi Dinar per liter,Iraqi Dinars per liter,IQD/L,f,"{""factor"": null}",0
247,Israeli New Sheqel per kilogram,Israeli New Sheqels per kilogram,NIS/kg,f,"{""factor"": null}",0
248,Israeli New Sheqel per liter,Israeli New Sheqels per liter,NIS/L,f,"{""factor"": null}",0
249,Jordanian Dinar per kilogram,Jordanian Dinars per kilogram,JOD/kg,f,"{""factor"": null}",0
250,Jordanian Dinar per liter,Jordanian Dinars per liter,JOD/L,f,"{""factor"": null}",0
251,gram per animal,grams per animal,g/an,f,"{""factor"": 0.001}",0
252,ounce per animal,ounces per animal,oz/an,f,"{""factor"": 0.028349523}",0
255,pound per head,pounds per head,lb/head,f,"{""factor"": 0.45359237}",0
257,kilowatt-hour,kilowatts-hour,kWh,f,"{""factor"": 3600000}",0
258,cubic foot,cubic feet,ft³,f,"{""factor"": 0.028317}",0
259,cubic kilometer,cubic kilometers,km³,f,"{""factor"": 1000000000}",0
260,cubic inch,cubic inches,in³,f,"{""factor"": 0.000016387}",0
261,"Local Currency Unit per ton (US, short)","Local Currency Units per ton (US, short)",LCU/t,f,"{""factor"": null}",0
262,Standard Local Currency per tonne,Standard Local Currency per tonne,SLC/t,f,"{""factor"": null}",0
263,"Standard Local Currency per ton (US, short)","Standard Local Currency per ton (US, short)",SLC/sh. t,f,"{""factor"": null}",0
264,"US Dollar per ton (US, short)","US Dollars per ton (US, short)",USD/sh. t,f,"{""factor"": 0.0011023}",0
265,head per acre,heads per acre,head/acre,f,"{""factor"": 0.000247105}",0
267,Kyrgyzstani Som per kilogram,Kyrgyzstani Soms per kilogram,KGS/kg,f,"{""factor"": null}",0
268,International US Dollar (constant),International US Dollars (constant),Int USD (constant),f,"{""factor"": null}",0
269,hundredweight (US),hundredweights (US),cwt,f,"{""factor"": 45.359237}",0
270,Kyrgystani Som per liter,Kyrgystani Soms per liter,KGS/L,f,"{""factor"": null}",0
272,terajoule,terajoules,TJ,f,"{""factor"": 1000000000000}",0
273,gigawatt-hour,gigawatts-hour,GWh,f,"{""factor"": 3600000000000}",0
274,kilogram per terajoule,kilograms per terajoules,kg/TJ,f,"{""factor"": 0.000000000001}",0
275,kilogram per joule,kilograms per joule,kg/J,t,"{""factor"": 1}",0
276,gram per kilowatt-hour,grams per kilowatt-hour,g/kWh,f,"{""factor"": 0.00000000027778}",0
281,pound per animal,pounds per animal,lb/an,f,"{""factor"": 0.45359237}",0
282,ounce per acre,ounces per acre,oz/acre,f,"{""factor"": 0.0000070056}",0
283,"bushel (barley, buckwheat, apples) per acre","bushels (barley, buckwheat, apples) per acre",bu/acre,f,"{""factor"": 0.005380043}",0
284,"bushel (corn, rye, sorghum grain, flaxseed) per acre","bushels (corn, rye, sorghum grain, flaxseed) per acre",bu/acre,f,"{""factor"": 0.006276808}",0
285,hundredweight (US) per acre,hundredweights (US) per acre,cwt/acre,f,"{""factor"": 0.011208512}",0
286,bushel (oats) per acre,bushels (oats) per acre,bu/acre,f,"{""factor"": 0.003810885}",0
287,"bushel (wheat, white potatoes, beans, soybeans, peas) per acre","bushels (wheat, white potatoes, beans, soybeans, peas) per acre",bu/acre,f,"{""factor"": 0.006725054}",0
288,"bushel (millet, yams, sweet potatoes)","bushels (millet, yams, sweet potatoes)",bu,f,"{""factor"": 22.6796185}",0
289,bushel (rice milled),bushels (rice milled),bu (rice milled) ,f,"{""factor"": 20.41165665}",0
290,bushel (rice milled) per acre,bushels (rice milled) per acre,bu/acre,f,"{""factor"": 0.00504383}",0
291,"bushel (millet, yams, sweet potatoes) per acre","bushels (millet, yams, sweet potatoes) per acre",bu/acre,f,"{""factor"": 0.005604256}",0
292,average C topsoil content as % mass,average C topsoil content as % mass,avg C topsoil content (% mass),f,"{""factor"": 1}",0
293,person,persons,persons,f,"{""factor"": 1}",0
294,International Dollar per capita,International Dollars per capita,Int Dollar/cap.,f,"{""factor"": null}",0
295,International Dollar (constant 2004-2006) per capita,International Dollars (constant 2004-2006) per capita,Int Dollar (constant 2004-2006)/cap.,f,"{""factor"": null}",0
297,US Dollar (constant 2004-2006),US Dollars (constant 2004-2006),USD (constant 2004-2006),f,"{""factor"": null}",0
298,Standard Local Currency (constant 2004-2006),Standard Local Currency (constant 2004-2006),SLC (constant 2004-2006),f,"{""factor"": null}",0
299,International Dollar (constant 2004-2006),International Dollars (constant 2004-2006),Int Dollar (constant 2004-2006),f,"{""factor"": null}",0
300,milligram per animal,milligrams per animal,mg/animal,f,"{""factor"": 0.000001}",0
301,number per animal,number per animal,num./animal,f,"{""factor"": 1}",0
302,tonne per animal,tonnes per animal,tonne/animal,f,"{""factor"": 1000}",0
303,"ton (US, short) per animal","tons (US, short) per animal","t (US, short)/animal",f,"{""factor"": 907.18474}",0
304,Local Currency Unit per capita,Local Currency Units per capita,LCU/capita,f,"{""factor"": null}",0
305,Local Currency Unit per loaf,Local Currency Units per loaf,LCU/loaf,f,"{""factor"": null}",0
306,Local Currency Unit per unit,Local Currency Units per unit,LCU/unit,f,"{""factor"": null}",0
307,Local Currency Unit per cubic meter,Local Currency Units per cubic meter,LCU/m³,f,"{""factor"": null}",0
308,Local Currency Unit per kilogram,Local Currency Units per kilogram,LCU/kg,f,"{""factor"": null}",0
309,Great Britain Pound per kilogram,Great Britain Pounds per kilogram,GBP/kg,f,"{""factor"": null}",0
310,degree latitude/longitude,degrees latitude/longitude,deg lat/long,t,"{""factor"": 1}",0
311,Laotian Kip per kilogram,Laotian Kip per kilogram,LAK/kg,f,"{""factor"": null}",0
312,Laotian Kip per liter,Laotian Kip per liter,LAK/L,f,"{""factor"": null}",0
313,Lebanese Pound per head,Lebanese Pounds per head,LBP/head,f,"{""factor"": null}",0
314,Lebanese Pound per kilogram,Lebanese Pounds per kilogram,LBP/kg,f,"{""factor"": null}",0
315,Lebanese Pound per liter,Lebanese Pounds per liter,LBP/L,f,"{""factor"": null}",0
318,Burundian Franc per kilogram,Burundian Francs per kilogram,BIF/kg,f,"{""factor"": null}",0
321,Malagasy Ariary per liter,Malagasy Ariary per liter,MGA/L,f,"{""factor"": null}",0
322,Malawian Kwacha per kilogram,Malawian Kwachas per kilogram,MWK/kg,f,"{""factor"": null}",0
323,Mauritanian Ouguiya per kilogram,Mauritanian Ouguiyas per kilogram,MRO/kg,f,"{""factor"": null}",0
324,Mauritanian Ouguiya per liter,Mauritanian Ouguiyas per liter,MRO/L,f,"{""factor"": null}",0
325,Mozambican Metical per kilogram,Mozambican Meticals per kilogram,MZN/kg,f,"{""factor"": null}",0
326,Mozambican Metical per liter,Mozambican Meticals per liter,MZN/L,f,"{""factor"": null}",0
327,Myanmar Kyat per kilogram,Myanmar Kyats per kilogram,MMK/kg,f,"{""factor"": null}",0
328,Myanmar Kyat per liter,Myanmar Kyats per liter,MMK/L,f,"{""factor"": null}",0
329,Nepalese Rupee per kilogram,Nepalese Rupees per kilogram,NPR/kg,f,"{""factor"": null}",0
330,Nepalese Rupee per liter,Nepalese Rupees per liter,NPR/L,f,"{""factor"": null}",0
331,Central African CFA Franc per kilogram,Central African CFA Francs per kilogram,XAF/kg,f,"{""factor"": null}",0
335,Pakistani Rupee per kilogram,Pakistani Rupees per kilogram,PKR/kg,f,"{""factor"": null}",0
336,Pakistani Rupee per liter,Pakistani Rupees per liter,PKR/L,f,"{""factor"": null}",0
337,Peruvian Nuevo Sol per kilogram,Peruvian Nuevo Soles per kilogram,PEN/kg,f,"{""factor"": null}",0
338,Peruvian Nuevo Sol per liter,Peruvian Nuevo Soles per liter,PEN/L,f,"{""factor"": null}",0
339,Philippine Peso per kilogram,Philippine Pesos per kilogram,PHP/kg,f,"{""factor"": null}",0
340,US Dollar per troy ounce (constant Year 2000 USD),US Dollars per troy ounce (constant Year 2000 USD),USD/TOZ,f,"{""factor"": null}",0
341,Rwandan Franc per liter,Rwandan Francs per liter,RWF/L,f,"{""factor"": null}",0
342,Sierra Leonean Leone per kilogram,Sierra Leonean Leones per kilogram,SLL/kg,f,"{""factor"": null}",0
343,Somali Shilling per kilogram,Somali Shillings per kilogram,SOS/kg,f,"{""factor"": null}",0
344,Somali Shilling per liter,Somali Shillings per liter,SOS/L,f,"{""factor"": null}",0
345,Somaliland Shilling per kilogram,Somaliland Shillings per kilogram,Sl.Sh./kg,f,"{""factor"": null}",0
346,Somaliland Shilling per liter,Somaliland Shillings per liter,Sl.Sh/L,f,"{""factor"": null}",0
347,South Sudanese Pound per kilogram,South Sudanese Pounds per kilogram,SSP/kg,f,"{""factor"": null}",0
348,South Sudanese Pound per liter,South Sudanese Pounds per liter,SSP/L,f,"{""factor"": null}",0
349,Sri Lankan Rupee per kilogram,Sri Lankan Rupees per kilogram,LKR/kg,f,"{""factor"": null}",0
350,Sri Lankan Rupee per liter,Sri Lankan Rupees per liter,LKR/L,f,"{""factor"": null}",0
353,Djiboutian Franc per liter,Djiboutian Francs per liter,DJF/L,f,"{""factor"": null}",0
354,Djiboutian Franc per unit,Djiboutian Francs per unit,DJF/unit,f,"{""factor"": null}",0
356,Egyptian Pound per liter,Egyptian Pounds per liter,EGP/L,f,"{""factor"": null}",0
357,Egyptian Pound per unit,Egyptian Pounds per unit,EGP/unit,f,"{""factor"": null}",0
359,Guinean Franc per liter,Guinean Francs per liter,GNF/L,f,"{""factor"": null}",0
360,Guinean Franc per unit,Guinean Francs per unit,GNF/unit,f,"{""factor"": null}",0
361,Djiboutian Franc per kilogram,Djiboutian Francs per kilogram,DJF/kg,f,"{""factor"": null}",0
362,Kenyan Shilling per liter,Kenyan Shillings per liter,KES/L,f,"{""factor"": null}",0
364,Liberian Dollar per liter,Liberian Dollars per liter,LRD/L,f,"{""factor"": null}",0
367,Lesotho Loti per loaf,Lesotho Maloti per loaf,LSL/loaf,f,"{""factor"": null}",0
368,Egyptian Pound per kilogram,Egyptian Pounds per kilogram,EGP/kg,f,"{""factor"": null}",0
371,Sudanese Pound per liter,Sudanese Pounds per liter,SDG/L,f,"{""factor"": null}",0
372,Ethiopian Birr per kilogram,Ethiopian Birr per kilogram,ETB/kg,f,"{""factor"": null}",0
378,Central African CFA Franc per liter,Central African CFA Francs per liter,XAF/L,f,"{""factor"": null}",0
380,West African CFA Franc per liter,West African CFA Francs per liter,XOF/L,f,"{""factor"": null}",0
381,US Dollar per cubic meter,US Dollars per cubic meter,USD/m³,t,"{""factor"": 1}",0
382,US Dollar per unit,US Dollars per unit,USD/unit,t,"{""factor"": 1}",0
383,US Dollar per loaf,US Dollars per loaf,USD/loaf,f,"{""factor"": null}",0
384,Ghanaian Cedi per kilogram,Ghanaian Cedis per kilogram,GHS/kg,f,"{""factor"": null}",0
386,Price Index in US Dollar (Year 2010=100),Price Indices in US Dollar (Year 2010=100),2010=100,t,"{""factor"": null}",0
389,Guinean Franc per kilogram,Guinean Francs per kilogram,GNF/kg,f,"{""factor"": null}",0
393,Syrian Pound per head,Syrian Pounds per head,SYP/head,f,"{""factor"": null}",0
394,Syrian Pound per kilogram,Syrian Pounds per kilogram,SYP/kg,f,"{""factor"": null}",0
395,Syrian Pound per liter,Syrian Pounds per liter,SYP/L,f,"{""factor"": null}",0
396,Tajikistani Somoni per kilogram,Tajikistani Somoni per kilogram,TJS/kg,f,"{""factor"": null}",0
397,Tajikistani Somoni per liter,Tajikistani Somoni per liter,TJS/L,f,"{""factor"": null}",0
399,Turkish Lira per kilogram,Turkish Liras per kilogram,TRY/kg,f,"{""factor"": null}",0
400,Turkish Lira per liter,Turkish Liras per liter,TRY/L,f,"{""factor"": null}",0
406,Yemeni Rial per kilogram,Yemeni Rials per kilogram,YER/kg,f,"{""factor"": null}",0
407,Yemeni Rial per liter,Yemeni Rials per liter,YER/L,f,"{""factor"": null}",0
408,Zambian Kwacha per kilogram,Zambian Kwachas per kilogram,ZMK/kg,f,"{""factor"": null}",0
415,Kenyan Shilling per kilogram,Kenyan Shillings per kilogram,KES/kg,f,"{""factor"": null}",0
424,Lesotho Loti per kilogram,Lesotho Maloti per kilogram,LSL/kg,f,"{""factor"": null}",0
426,Liberian Dollar per kilogram,Liberian Dollars per kilogram,LRD/kg,f,"{""factor"": null}",0
428,Malagasy Ariary per kilogram,Malagasy Ariary per kilogram,MGA/kg,f,"{""factor"": null}",0
434,hectogram per hive,hectograms per hive,hg/hive,f,"{""factor"": 0.1}",0
435,kilogram per hive,kilograms per hive,kg/hive,t,"{""factor"": 1}",0
436,pound per hive,pounds per hive,lb/hive,f,"{""factor"": 0.45359237}",0
448,Rwandan Franc per kilogram,Rwandan Francs per kilogram,RWF/kg,f,"{""factor"": null}",0
452,Nicaraguan Córdobas per kilogram,Nicaraguan Córdobas per kilogram,NIO/kg,f,"{""factor"": null}",0
453,Nicaraguan Córdobas per liter,Nicaraguan Córdobas per liter,NIO/L,f,"{""factor"": null}",0
463,Sudanese Pound per kilogram,Sudanese Pounds per kilogram,SDG/kg,f,"{""factor"": null}",0
469,US Dollar per liter,US Dollars per liter,USD/L,f,"{""factor"": 1000}",0
472,Tanzanian Shilling per kilogram,Tanzanian Shillings per kilogram,TZS/kg,f,"{""factor"": null}",0
475,Ugandan Shilling per kilogram,Ugandan Shillings per kilogram,UGX/kg,f,"{""factor"": null}",0
476,Algerian Dinar per kilogram,Algerian Dinars per kilogram,DZD/kg,f,"{""factor"": null}",0
477,Algerian Dinar per liter,Algerian Dinars per liter,DZD/L,f,"{""factor"": null}",0
478,West African CFA Franc per kilogram,West African CFA Francs per kilogram,XOF/kg,f,"{""factor"": null}",0
479,Rwandan Franc per head,Rwandan Francs per head,RWF/head,f,"{""factor"": null}",0
483,Ukrainian hryvnia per kilogram,Ukrainian hryven’ per kilogram,UAH/kg,f,"{""factor"": null}",0
485,Dominican Peso per liter,Dominican Pesos per liter,DOP/L,f,"{""factor"": null}",0
486,Ukrainian hryvnia per liter,Ukrainian hryven’ per liter,UAH/L,f,"{""factor"": null}",0
487,Sierra Leonean Leone per liter,Sierra Leonean Leones per liter,SLL/L,f,"{""factor"": null}",0
496,Ethiopian Birr per head,Ethiopian Birr per head,ETB/head,f,"{""factor"": null}",0
651,knot,knots,kt,f,"{""factor"": 0.51444}",0
652,mile per hour,miles per hour,mph,f,"{""factor"": 0.44704}",0
654,degree,degrees,deg,t,"{""factor"": 1}",0
655,degree latitude,degrees latitude,deg lat,t,"{""factor"": 1}",0
662,kilometer per hour,kilometers per hours,kph,f,"{""factor"": 0.27778}",0
668,meter per second,meters per second,m/s,t,"{""factor"": 1}",0
671,millimeter per day,milimeters per day,mm/day,f,"{""factor"": 0.000000011574}",0
672,degree longitude,degrees longitude,deg long,t,"{""factor"": 1}",0
673,inch per day,inches per day,in/d,f,"{""factor"": 0.000000294}",0
675,dozen,dozens,doz,f,"{""factor"": 12}",0
676,dose,doses,ds,f,"{""factor"": 1}",0
677,gross,gross,gross,f,"{""factor"": 144}",0
678,kiloliter,kiloliters,kL,f,"{""factor"": 1}",0
679,liter proof equivalent,liters proof equivalent,litpf,t,"{""factor"": 1}",0
683,US cent per pound,US cents per pound,cts./lb,f,"{""factor"": 0.022046226}",0
684,US Dollar per pound,US Dollars per pound,USD/lb,f,"{""factor"": 2.20462262}",0
685,US Dollar per 60lb bag,US Dollars per 60lb bag,USD/60-lb bag,f,"{""factor"": 0.0166667}",0
697,"US Dollar per bushel (corn, rye, sorghum grain, flaxseed)","US Dollars per bushel (corn, rye, sorghum grain, flaxseed)",USD/bu,f,"{""factor"": 0.039368}",0
698,"US Dollar per bushel (wheat, white potatoes, beans, soybeans, peas)","US Dollars per bushel (wheat, white potatoes, beans, soybeans, peas)",USD/bu,f,"{""factor"": 0.036744}",0
699,barrel per acre,barrels per acre,barrels/acre,f,"{""factor"": 0.0112085}",0
700,box per acre,boxes per acre,boxes/acre,f,"{""factor"": 0.0002471053814915898}",0
701,gallon (fluid) per box,gallons (fluid) per box,gallons/box,f,"{""factor"": 0.003785412}",0
702,gallon (fluid) per tap,gallons (fluid) per tap,gallons/tap,f,"{""factor"": 0.003785412}",0
703,pound per square foot,pounds per square foot,lb/sq ft,f,"{""factor"": 4.88243106}",0
704,running bale,running bales,running bales,t,"{""factor"": 1}",0
705,box,boxes,boxes,t,"{""factor"": 1}",0
706,hundredweight (US) per day,hundredweight (US) per day,cwt/24 hrs,t,"{""factor"": 1}",0
707,US Dollar per box,US Dollars per box,$/box,f,"{""factor"": null}",0
708,US Dollar per hundredweight (US),US Dollars per hundredweight (US),$/cwt,f,"{""factor"": 0.0220462262}",0
709,US Dollar per gallon,US Dollars per gallon,$/gallon,f,"{""factor"": 264.1720372841846}",0
710,plant per acre,plants per acre,plants/acre,f,"{""factor"": 0.0002471053814915898}",0
711,barrel,barrels,barrels,f,"{""factor"": 45.359237}",0
715,US Dollar (constant 2005) per capita,US Dollars (constant 2005) per capita,USD (constant 2005)/capita,f,"{""factor"": null}",0
717,International Dollar (constant 2011),International Dollars (constant 2011),Int Dollar (constant 2011),f,"{""factor"": null}",0
718,person per square kilometer,persons per square kilometer,person per km2,f,"{""factor"": 0.000001}",0
719,person per acre,persons per acre,persons per acre,f,"{""factor"": 0.00024710516301527604}",0
720,person per hectare,persons per hectare,persons per hectare,f,"{""factor"": 0.0001}",0
721,US Dollar (constant 2005) per cubic meter,US Dollars (constant 2005) per cubic meter,USD (constant 2005)/m3,f,"{""factor"": null}",0
722,number per 1000 people,number per 1000 people,number per 1000 people,f,"{""factor"": 0.001}",0
723,number per woman,number per woman,number per woman,t,"{""factor"": 1}",0
724,number per 100 people,number per 100 people,number per 100 people,f,"{""factor"": 0.01}",0
725,kilowatt hours per capita,kilowatt hours per capita,kWh/capita,f,"{""factor"": 3600000}",0
726,number per 1000 live births,number per 1000 live births,number per 1000 live births,f,"{""factor"": 0.001}",0
740,"US Dollar per bushel (barley, buckwheat, apples)","US Dollars per bushel (barley, buckwheat, apples)",USD/bu,f,"{""factor"": 0.04593}",0
741,US Dollar per bushel (oats),US Dollars per bushel (oats),USD/bu,f,"{""factor"": 0.064842}",0
742,"US Dollar per bushel (millet, yams, sweet potatoes)","US Dollars per bushel (millet, yams, sweet potatoes)",USD/bu,f,"{""factor"": 0.0440924524}",0
743,egg,eggs,eggs,t,"{""factor"": 1}",0
744,US Dollar per head,US Dollars per head,USD/head,t,"{""factor"": 1}",0
745,lambs per 100 ewes,lambs per 100 ewes,lambs/100 ewes,f,"{""factor"": 0.01}",0
746,piglet per litter,piglets per litter,piglets/litter,t,"{""factor"": 1}",0
747,egg per 100 chickens,eggs per 100 chickens,eggs/100 chickens,f,"{""factor"": 0.01}",0
748,egg per chicken,eggs per chickens,eggs/chicken,t,"{""factor"": 1}",0
749,US Dollar per dozen eggs,US Dollars per dozen eggs,USD/dozen,f,"{""factor"": 0.0833333333}",0
750,US Dollar per 100 head,US Dollars per 100 head,USD/hundred,f,"{""factor"": 0.01}",0
751,US Dollar per hour,US Dollars per hour,USD/hour,t,"{""factor"": 1}",0
752,Hour per week,Hours per week,Hour/week,t,"{""factor"": 0.005952380952}",0
753,acre per unit,acres per unit,acre/unit,f,"{""factor"": 4046.856422}",0
754,US Dollar per acre,US Dollars per acre,USD/acre,f,"{""factor"": 0.0002471053814915898}",0
755,pound per pound,pounds per pound,lb/lb,f,"{""factor"": 1}",0
756,pound per dozen eggs,pounds per dozen eggs,lb/dozen,f,"{""factor"": 0.037799364}",0
757,"bushel (corn, rye, sorghum grain, flaxseed) per hundredweight (US)","bushels (corn, rye, sorghum grain, flaxseed) per hundredweight (US)",bushel/cwt,f,"{""factor"": 0.560003714}",0
758,"US Dollar per 80,000 kernels","US Dollars per 80,000 kernels","USD/80,000 kernels",f,"{""factor"": null}",0
759,US Dollar per 50 pounds,US Dollars per 50 pounds,USD/50 lbs,f,"{""factor"": 0.044}",0
771,birth per 1000 women,births per 1000 women,births per 1000 women,f,"{""factor"": 0.001}",0
772,kilogram of oil equivalent per capita,kilograms of oil equivalent per capita,kgoe/capita,f,"{""factor"": 41868000}",0
773,tonne per capita,tonnes per capita,tonne per capita,f,"{""factor"": 1000}",0
774,hectoliter,hectoliters,hl,f,"{""factor"": 0.1}",0
775,liter per person,liters per person,lt pp,f,"{""factor"": 1000}",0
776,"tonne, live weight","tonnes, live weight",t,f,"{""factor"": 1000}",0
777,"ton (US, short), live weight","tons (US, short), live weight",t,f,"{""factor"": 907.18474}",0
778,"pound, live weight","pounds, live weight",lb,f,"{""factor"": 0.45359237}",0
779,"kilogram, live weight","kilograms, live weight",kg,f,"{""factor"": 1}",0
780,"tonne (UK, long), live weight","tonnes (UK, long), live weight",t,f,"{""factor"": 1016.046909}",0
781,gross tonnage,gross tonnage,gt,f,"{""factor"": null}",0
782,ear per acre,ears per acre,ear/acre,f,"{""factor"": 0.0002471053814915898}",0
783,kilowatt,kilowatts,kw,f,"{""factor"": 1000}",0
784,Euro per hectare,Euros per hectare,EUR/ha,f,"{""factor"": null}",0
785,Ghanaian Cedi per unit,Ghanaian Cedis per unit,GHS/unit,f,"{""factor"": null}",0
786,Ghanaian Cedi per head,Ghanaian Cedis per head,GHS/head,f,"{""factor"": null}",0
787,Liberian Dollar per gallon,Liberian Dollars per gallon,LRD/gal,f,"{""factor"": null}",0
788,Guatemalan Quetzal per pound,Guatemalan Quetzales per pound,GTQ/lb,f,"{""factor"": null}",0
789,Haitian Gourde per marmite,Haitian Gourdes per marmite,HTG/marmite,f,"{""factor"": null}",0
790,Nicaraguan Córdobas per pound,Nicaraguan Córdobas per pound,NIO/lb,f,"{""factor"": null}",0
791,Guatemalan Quetzal per gallon,Guatemalan Quetzales per gallon,GTQ/gal,f,"{""factor"": null}",0
792,Nicaraguan Córdobas per gallon,Nicaraguan Córdobas per gallon,NIO/gal,f,"{""factor"": null}",0
793,Bolivian Boliviano per cuartilla,Bolivian Bolivianos per cuartilla,BOB/cuartilla,f,"{""factor"": null}",0
794,Bolivian Boliviano per pound,Bolivian Bolivianos per pound,BOB/lb,f,"{""factor"": null}",0
795,Haitian Gourde per gallon,Haitian Gourdes per gallon,HTG/gal,f,"{""factor"": null}",0
796,Dominican Peso per pound,Dominican Pesos per pound,DOP/lb,f,"{""factor"": null}",0
797,Colombian Peso per gallon,Colombian Pesos per gallon,COP/gal,f,"{""factor"": null}",0
798,Swazi Lilangeni per tonne,Swazi Emalangeni per tonne,SZL/t,f,"{""factor"": null}",0
799,Colombian Peso per tonne,Colombian Pesos per tonne,COP/t,f,"{""factor"": null}",0
800,Dominican Peso per gallon,Dominican Pesos per gallon,DOP/gal,f,"{""factor"": null}",0
801,Afghan Afghani per US Dollar,Afghan Afghanis per US Dollar,AFN/USD,t,"{""factor"": null}",0
802,Congolese Franc per US Dollar,Congolese Francs per US Dollar,CDF/USD,t,"{""factor"": null}",0
804,Ethiopian Birr per US Dollar,Ethiopian Birr per US Dollar,ETB/USD,t,"{""factor"": null}",0
805,Lesotho Loti per liter,Lesotho Maloti per liter,LSL/L,f,"{""factor"": null}",0
806,Swazi Lilangeni per liter,Swazi Emalangeni per liter,SZL/L,f,"{""factor"": null}",0
807,Swazi Lilangeni per kilogram,Swazi Emalangeni per kilogram,SZL/kg,f,"{""factor"": null}",0
808,Philippine Peso per unit,Philippine Pesos per unit,PHP/unit,f,"{""factor"": null}",0
809,Percent of cropland area,Percent of cropland area,% cropland area per km2,t,"{""factor"": 1}",0
811,cubic meter per person,cubic meters per person,m³ pp,t,"{""factor"": 1}",0
812,International Dollar (constant 2011) per capita,International Dollars (constant 2011) per capita,Int Dollar (constant 2011)/cap.,f,"{""factor"": null}",0
813,Ghanaian Cedi per blackbuck,Ghanaian Cedis per blackbuck,GHS/blackbuck,f,"{""factor"": null}",0
814,Ghanaian Cedi per kokobowl,Ghanaian Cedis per kokobowl,GHS/kokobowl,f,"{""factor"": null}",0
815,Ghanaian Cedi per bpaintrubber,Ghanaian Cedis per bpaintrubber,GHS/bpaintrubber,f,"{""factor"": null}",0
816,Ghanaian Cedi per tomatin,Ghanaian Cedis per tomatin,GHS/tomatin,f,"{""factor"": null}",0
817,Ghanaian Cedi per margarinetin,Ghanaian Cedis per margarinetin,GHS/margarinetin,f,"{""factor"": null}",0
818,Ghanaian Cedi per olonka,Ghanaian Cedis per olonka,GHS/olonka,f,"{""factor"": null}",0
819,Ghanaian Cedi per paint bucket,Ghanaian Cedis per paint bucket,GHS/paint bucket,f,"{""factor"": null}",0
820,Ghanaian Cedi per wpaintrubber,Ghanaian Cedis per wpaintrubber,GHS/wpaintrubber,f,"{""factor"": null}",0
821,Ghanaian Cedi per bird,Ghanaian Cedis per bird,GHS/bird,f,"{""factor"": null}",0
822,Ghanaian Cedi per crate,Ghanaian Cedis per crate,GHS/crate,f,"{""factor"": null}",0
823,Kyrgystani Som per unit,Kyrgystani Soms per unit,kgs/unit,f,"{""factor"": null}",0
824,Yemeni Rial per head,Yemeni Rials per head,yer/head,f,"{""factor"": null}",0
829,Euro per kilogram,Euros per kilogram,EUR/kg,f,"{""factor"": null}",0
830,Euro per liter,Euros per liter,EUR/lt,f,"{""factor"": null}",0
831,Euro per item,Euros per item,EUR/item,f,"{""factor"": null}",0
832,Euro per head,Euros per head,EUR/head,f,"{""factor"": null}",0
833,Euro,Euros,EUR,f,"{""factor"": null}",0
834,Percent of Agricultural Area,Percent of Agricultural Area,% of Agricultural Area,t,"{""factor"": 1}",0
835,Euro per kilowatt-hour,Euros per kilowatt-hour,EUR/kwh,f,"{""factor"": null}",0
837,hectare per capita,hectares per capita,ha per capita,f,"{""factor"": 10000}",0
838,million ton-kilometer,million ton-kilometers,million ton-km,f,"{""factor"": 1000000000000}",0
839,number per million,number per million,number/MM,f,"{""factor"": 0.000001}",0
840,million passenger-kilometer,million passenger-kilometers,MM passenger-km,f,"{""factor"": 1000000000}",0
841,twenty-foot equivalent unit,twenty-foot equivalent units,20ft equiv. unit,f,"{""factor"": 1}",0
842,kilotonne,kilotonnes,kt,f,"{""factor"": 1000000}",0
843,microgram per cubic meter,micrograms per cubic meter,mcg/m³,f,"{""factor"": 0.000000001}",0
844,number per 100 square kilometer,number per 100 square kilometer,number/100 km²,f,"{""factor"": 0.00000001}",0
846,Price Index in US Dollar (Jan 2000=100),Price Indices in US Dollar (Jan 2000=100),Jan 2000=100,t,"{""factor"": null}",0
847,Brazilian real per liter,Brazilian reals per liter,BRL/L,f,"{""factor"": null}",0
848,Brazilian real per cubic meter,Brazilian reals per cubic meter,BRL/m³,f,"{""factor"": null}",0
849,million british thermal unit,million british thermal units,MMBTU,f,"{""factor"": 1055060000}",0
850,million british thermal unit per barrel (petroleum),million british thermal units per barrel (petroleum),MMBTU/bbl,f,"{""factor"": 6636127748.446817}",0
851,cubic meter per cubic meter,cubic meters per cubic meters,m³/m³,f,"{""factor"": 1}",0
852,Brazilian real per kilogram,Brazilian reals per kilogram,BRL/kg,f,"{""factor"": null}",0
853,Canadian dollar per kilogram,Canadian dollars per kilogram,CAD/kg,f,"{""factor"": null}",0
854,Canadian dollar,Canadian dollars,CAD,f,"{""factor"": null}",0
855,pound per colony,pounds per colony,lb/colony,f,"{""factor"": 0.45359237}",0
856,Canadian dollar per tonne,Canadian dollars per tonne,CAD/t,f,"{""factor"": null}",0
857,Canadian dollar per hundredweight (short),Canadian dollars per hundredweight (short),CAD/hwt,f,"{""factor"": null}",0
858,"bushel (canola, mustard seed, canary seed) per acre","bushels (canola, mustard seed, canary seed) per acre",bu/acre,f,"{""factor"": 0.00381086}",0
859,Canadian dollar per dozen,Canadian dollars per dozen,CAD/doz,f,"{""factor"": null}",0
860,Canadian dollar per kiloliter,Canadian dollars per kiloliter,CAD/kl,f,"{""factor"": null}",0
861,Canadian dollar per liter,Canadian dollars per liter,CAD/l,f,"{""factor"": null}",0
862,Canadian dollar per unit,Canadian dollars per unit,CAD/unit,f,"{""factor"": null}",0
863,Indian rupee per unit,Indian rupees per unit,INR/unit,f,"{""factor"": null}",0
864,Indian rupee per dozen,Indian rupees per dozen,INR/doz,f,"{""factor"": null}",0
865,"liter per ton (US, short)","liters per ton (US, short)",lt/sh. T,f,"{""factor"": 0.000001102311310924388}",0
866,"kilogram per ton (US, short)","kilograms per ton (US, short)",kg/sh. T,f,"{""factor"": 0.001102310995001}",0
867,kilogram per tonne,kilograms per tonne,kg/t,f,"{""factor"": 0.001}",0
868,"kilogram per tonne (UK, long)","kilograms per tonne (UK, long)",kg/l. t,f,"{""factor"": 0.0009842065274173282}",0
869,"liter per tonne (UK, long)","liters per tonne (UK, long)",lt/l. t,f,"{""factor"": 0.0000009842065274173282}",0
870,liter per tonne,liters per tonne,lt/t,f,"{""factor"": 0.000001}",0
871,"cubic meter per ton (US, short)","cubic meters per ton (US, short)",m³/sh. T,f,"{""factor"": 0.001102311310924388}",0
872,Canadian dollar per head,Canadian dollars per head,CAD/head,f,"{""factor"": null}",0
873,barrel (petroleum) per day,barrels (petroleum) per day,bbl/d,f,"{""factor"": null}",0
874,"pound per bushel (wheat, white potatoes, beans, soybeans, peas)","pounds per bushel (wheat, white potatoes, beans, soybeans, peas)",p/bu,f,"{""factor"": 0.016666678914589}",0
875,US Dollar per farm,US Dollars per farm,USD/farm,t,"{""factor"": 1}",0
876,US Dollar per hundredweight gain (US),US Dollars per hundredweight gain (US),$/cwt,f,"{""factor"": 0.0220462262}",0
877,cup,cups,c,f,"{""factor"": 0.000236588}",0
878,teaspoon,teaspoons,tsp,f,"{""factor"": 0.00000492892}",0
879,Vietnamese dong per hectare,Vietnamese dongs per hectare,VND/ha,f,"{""factor"": null}",0
880,kilogram per capita,kilograms per capita,kg/capita,t,"{""factor"": 1}",0
881,gram per capita,grams per capita,g/capita,f,"{""factor"": 0.001}",0
882,Brazilian real per tonne,Brazilian reals per tonne,BRL/t,f,"{""factor"": null}",0
883,Chinese Yuan per tonne,Chinese Yuan per tonne,RMB/t,f,"{""factor"": null}",0
884,Canadian dollar per pound,Canadian dollars per pound,CAD/lb,f,"{""factor"": null}",0
885,Percent area,Percent area,% area,t,"{""factor"": 1}",0
886,unit per hectare,units per hectare,unit/ha,f,"{""factor"": 0.0001}",0
887,170 kg bale,170 kg bales,170 kg bale,f,"{""factor"": 170}",0
888,180 kg bale,180 kg bales,180 kg bale,f,"{""factor"": 180}",0
889,170 kg bale per hectare,170 kg bales per hectare,170 kg bale/ha,f,"{""factor"": 0.017}",0
890,Burundian Franc,Burundian Francs,BIF,f,"{""factor"": null}",0
891,Malawian Kwacha,Malawian Kwachas,MWK,f,"{""factor"": null}",0
893,Azerbaijani manat,Azerbaijani manats,AZN,f,"{""factor"": null}",0
894,Haitian Gourde,Haitian Gourdes,HTG,f,"{""factor"": null}",0
895,Congolese Franc,Congolese Francs,CDF,f,"{""factor"": null}",0
896,Kenyan Shilling,Kenyan Shillings,KES,f,"{""factor"": null}",0
897,Bhutanese ngultrum,Bhutanese ngultrums,BTN,f,"{""factor"": null}",0
898,Peruvian Nuevo Sol,Peruvian Nuevo Soles,PEN,f,"{""factor"": null}",0
899,South African Rand,South African Rands,ZAR,f,"{""factor"": null}",0
900,180 kg bale per hectare,180 kg bales per hectare,180 kg bale/ha,f,"{""factor"": 0.018}",0
901,US Dollar per dozen,US Dollars per dozen,USD/dozen,f,"{""factor"": 0.08333333333333333}",0
902,"tonne (UK, long) per capita","tonnes (UK, long) per capita",l. t/capita,f,"{""factor"": 1016.046909}",0
903,"ton (US, short) per capita","tons (US, short) per capita",sh. t/capita,f,"{""factor"": 907.18474}",0
904,hundredweight (US) per capita,hundredweights (US) per capita,cwt/capita,f,"{""factor"": 45.359237}",0
905,pound per capita,pounds per capita,lb/capita,f,"{""factor"": 0.45359237}",0
906,ounce per capita,ounces per capita,oz/capita,f,"{""factor"": 0.028349523}",0
907,head per capita,heads per capita,head/capita,t,"{""factor"": 1}",0
908,kilogram per kilogram,kilograms per kilogram,kg/kg,t,"{""factor"": 1}",0
909,liter per kilogram,liters per kilogram,lt/kg,f,"{""factor"": 0.001}",0
910,Mexican peso per tonne,Mexican pesos per tonne,Mex$/t,f,"{""factor"": null}",0
911,Mexican peso,Mexican peso,Mex$,f,"{""factor"": null}",0
912,Mexican peso per square meter,Mexican pesos per square meter,Mex$/m²,f,"{""factor"": null}",0
913,square meter per hectare,square meters per hectare,m²/ha,t,"{""factor"": 0.0001}",0
914,US Dollar per Brazilian arroba,US Dollars per Brazilian arroba,USD/@,f,"{""factor"": 0.0666666667}",0
915,Bolivian Boliviano,Bolivian Bolivianos,BOB,f,"{""factor"": null}",0
916,US cent,US cents,cents,f,"{""factor"": 0.01}",0
917,Lebanese Pound,Lebanese Pounds,LBP,f,"{""factor"": null}",0
918,Indian Rupee,Indian Rupees,INR,f,"{""factor"": null}",0
919,Great Britain Pound,Great Britain Pounds,GBP,f,"{""factor"": null}",0
920,Somali Shilling,Somali Shillings,SOS,f,"{""factor"": null}",0
921,Tajikistani Somoni,Tajikistani Somoni,TJS,f,"{""factor"": null}",0
922,Somaliland Shilling,Somaliland Shillings,Sl.Sh,f,"{""factor"": null}",0
923,Central African CFA Franc,Central African CFA Francs,XAF,f,"{""factor"": null}",0
924,Nepalese Rupee,Nepalese Rupees,NPR,f,"{""factor"": null}",0
925,Pakistani Rupee,Pakistani Rupees,PKR,f,"{""factor"": null}",0
926,Georgian Lari,Georgian Laris,GEL,f,"{""factor"": null}",0
927,Israeli New Sheqel,Israeli New Sheqels,NIS,f,"{""factor"": null}",0
928,Philippine Peso,Philippine Pesos,PHP,f,"{""factor"": null}",0
929,Yemeni Rial,Yemeni Rials,YER,f,"{""factor"": null}",0
930,Vietnamese dong,Vietnamese dongs,VND,f,"{""factor"": null}",0
931,Bangladeshi taka,Bangladeshi taka,BDT,f,"{""factor"": null}",0
932,Tanzanian Shilling,Tanzanian Shillings,TZS,f,"{""factor"": null}",0
933,South Sudanese Pound,South Sudanese Pounds,SSP,f,"{""factor"": null}",0
934,Chinese Yuan,Chinese Yuan,RMB,f,"{""factor"": null}",0
935,Cambodian Riel,Cambodian Riels,KHR,f,"{""factor"": null}",0
936,Guinean Franc,Guinean Francs,GNF,f,"{""factor"": null}",0
937,Sudanese Pound,Sudanese Pounds,SDG,f,"{""factor"": null}",0
938,Malagasy Ariary,Malagasy Ariary,MGA,f,"{""factor"": null}",0
939,Algerian Dinar,Algerian Dinars,DZD,f,"{""factor"": null}",0
940,Iraqi Dinar,Iraqi Dinars,IQD,f,"{""factor"": null}",0
941,Liberian Dollar,Liberian Dollars,LRD,f,"{""factor"": null}",0
942,Gambian Dalasi,Gambian Dalasi,GMD,f,"{""factor"": null}",0
943,Kyrgystani Som,Kyrgystani Soms,KGS,f,"{""factor"": null}",0
944,Indonesian Rupiah,Indonesian Rupiah,IDR,f,"{""factor"": null}",0
945,Syrian Pound,Syrian Pounds,SYP,f,"{""factor"": null}",0
946,West African CFA Franc,West African CFA Francs,XOF,f,"{""factor"": null}",0
947,Turkish Lira,Turkish Liras,TRY,f,"{""factor"": null}",0
948,Ukrainian hryvnia,Ukrainian hryven’,UAH,f,"{""factor"": null}",0
949,Laotian Kip,Laotian Kip,LAK,f,"{""factor"": null}",0
950,Rwandan Franc,Rwandan Francs,RWF,f,"{""factor"": null}",0
951,Ethiopian Birr,Ethiopian Birr,ETB,f,"{""factor"": null}",0
952,Swazi Lilangeni,Swazi Emalangeni,SZL,f,"{""factor"": null}",0
953,Zambian Kwacha,Zambian Kwachas,ZMK,f,"{""factor"": null}",0
954,Jordanian Dinar,Jordanian Dinars,JOD,f,"{""factor"": null}",0
955,Guatemalan Quetzal,Guatemalan Quetzales,GTQ,f,"{""factor"": null}",0
956,Iranian Rial,Iranian Rials,IRR,f,"{""factor"": null}",0
957,Cape Verdean Escudo,Cape Verdean Escudos,CVE,f,"{""factor"": null}",0
958,Afghan Afghani,Afghan Afghanis,AFN,f,"{""factor"": null}",0
959,Dominican Peso,Dominican Pesos,DOP,f,"{""factor"": null}",0
960,Sierra Leonean Leone,Sierra Leonean Leones,SLL,f,"{""factor"": null}",0
961,Mozambican Metical,Mozambican Meticals,MZN,f,"{""factor"": null}",0
962,Colombian Peso,Colombian Pesos,COP,f,"{""factor"": null}",0
963,Sri Lankan Rupee,Sri Lankan Rupees,LKR,f,"{""factor"": null}",0
964,Djiboutian Franc,Djiboutian Francs,DJF,f,"{""factor"": null}",0
965,Ghanaian Cedi,Ghanaian Cedis,GHS,f,"{""factor"": null}",0
966,Armenian dram,Armenian drams,AMD,f,"{""factor"": null}",0
967,Brazilian real,Brazilian reals,BRL,f,"{""factor"": null}",0
968,Ugandan Shilling,Ugandan Shillings,UGX,f,"{""factor"": null}",0
969,Mauritanian Ouguiya,Mauritanian Ouguiyas,MRO,f,"{""factor"": null}",0
970,Egyptian Pound,Egyptian Pounds,EGP,f,"{""factor"": null}",0
971,Myanmar Kyat,Myanmar Kyats,MMK,f,"{""factor"": null}",0
972,Indian rupee,Indian rupees,INR,f,"{""factor"": null}",0
973,Lesotho Loti,Lesotho Maloti,LSL,f,"{""factor"": null}",0
974,Nicaraguan Córdobas,Nicaraguan Córdobas,NIO,f,"{""factor"": null}",0
975,gram per square meter,grams per square meter,g/m²,f,"{""factor"": 0.001}",0
976,Mexican peso per liter,Mexican pesos per liter,Mex$/l,f,"{""factor"": null}",0
977,liter per hectare,liters per hectare,l/ha,f,"{""factor"": 0.0000001}",0
978,"US cent per bushel (corn, rye, sorghum grain, flaxseed)","US cents per bushel (corn, rye, sorghum grain, flaxseed)",cts/bu,f,"{""factor"": 0.00039368}",0
979,"US cent per bushel (wheat, white potatoes, beans, soybeans, peas)","US cents per bushel (wheat, white potatoes, beans, soybeans, peas)",cts/bu,f,"{""factor"": 0.00036744}",0
980,US cent per bushel (oats),US cents per bushel (oats),cts/bu,f,"{""factor"": 0.00064842}",0
981,US Dollar per 1000 board feet,US Dollars per 1000 board feet,USD/mbf,f,"{""factor"": null}",0
982,Euro per tonne,Euros per tonne,EUR/t,f,"{""factor"": null}",0
983,US cent per hundredweight (US),US cents per hundredweight (US),$/cwt,f,"{""factor"": 0.000220462262}",0
984,Special drawing right,Special drawing rights,SDR,f,"{""factor"": null}",0
985,Special drawing right per tonne,Special drawing rights per tonne,SDR/t,f,"{""factor"": null}",0
986,birth per woman,births per woman,birth/woman,t,"{""factor"": 1}",0
987,number per live birth,number per live birth,number/live birth,t,"{""factor"": 1}",0
988,US Dollar per joule,US Dollars per joule,USD/J,t,"{""factor"": 1}",0
989,gram per kilogram,grams per kilogram,g/kg,f,"{""factor"": 0.001}",0
990,US cent per tonne,US cents per tonne,cts/t,f,"{""factor"": 10}",0
991,lamb per ewe,lambs per ewe,lamb/ewe,t,"{""factor"": 1}",0
992,number per person,number per person,number/person,t,"{""factor"": 1}",0
993,number per square meter,number per square meter,number/m²,t,"{""factor"": 1}",0
994,person per square meter,persons per square meter,person/m²,t,"{""factor"": 1}",0
995,box per square meter,boxes per square meter,box/m²,t,"{""factor"": 1}",0
996,plant per square meter,plants per square meter,plant/m²,t,"{""factor"": 1}",0
997,ear per square meter,ears per square meter,ear/m²,t,"{""factor"": 1}",0
998,unit per square meter,units per square meter,unit/m²,t,"{""factor"": 1}",0
999,cubic meter per kilogram,cubic meters per kilogram,m³/t,t,"{""factor"": 1}",0
1000,square meter per capita,square meters per capita,m²/capita,t,"{""factor"": 1}",0
1001,square meter per unit,square meters per unit,m²/unit,t,"{""factor"": 1}",0
1002,square kilometer per unit,square kilometers per unit,km²/unit,f,"{""factor"": 1000000}",0
1003,pound per dozen,pounds per dozen,lb/doz,f,"{""factor"": 0.03779936416666667}",0
1004,kilogram per unit,kilogram per unit,kg/unit,t,"{""factor"": 1}",0
1005,kilogram per colony,kilograms per colony,kg/colony,t,"{""factor"": 1}",0
1006,US Dollar per square meter,US Dollars per square meter,USD/m²,t,"{""factor"": 1}",0
1007,meter per square meter,meters per square meter,m/m²,t,"{""factor"": 1}",0
1008,cubic meter per square meter,cubic meters per square meter,m³/m²,t,"{""factor"": 1}",0
1009,cubic meter per box,cubic meters per box,m³/box,t,"{""factor"": 1}",0
1010,cubic meter per tap,cubic meters per tap,m³/tap,t,"{""factor"": 1}",0
1011,kilogram*meter,kilogram*meter,kg*m,t,"{""factor"": 1}",0
1012,passenger*meter,passenger*meter,passenger*m,t,"{""factor"": 1}",0
1013,passenger,passengers,passenger,t,"{""factor"": 1}",0
1014,US Dollar per sheet,US Dollars per sheet,USD/sheet,t,"{""factor"": 1}",0
1015,Joule per capita,Joules per capita,J/capita,t,"{""factor"": 1}",0
1016,Joule per cubic meter,Joules per cubic meter,J/m³,t,"{""factor"": 1}",0
1017,hectare per unit,hectares per unit,ha/unit,f,"{""factor"": 10000}",0
1018,square kilometer per capita,square kilometers per capita,km²/capita,f,"{""factor"": 1000000}",0
1019,acre per capita,acres per capita,acre/capita,f,"{""factor"": 4046.856422}",0
1020,Watt,Watts,W,t,"{""factor"": 1}",0
1021,kilogram of oil equivalent,kilograms of oil equivalent,kgoe,f,"{""factor"": 41868000}",0
1022,megawatt,megawatts,mw,f,"{""factor"": 1000000}",0
1023,Chinese Yuan per piece,Chinese Yuan per piece,RMB/unit,f,"{""factor"": null}",0
1024,Algerian Dinar per unit,Algerian Dinars per unit,DZD/unit,f,"{""factor"": null}",0
1025,Austrian Schilling per cuartilla,Austrian Shillings per cuartilla,ATS/cuartilla,f,"{""factor"": null}",0
1026,Austrian Schilling per kilogram,Austrian Shillings per kilogram,ATS/kg,f,"{""factor"": null}",0
1027,Austrian Schilling per unit,Austrian Shillings per unit,ATS/unit,f,"{""factor"": null}",0
1028,Burundian Franc per liter,Burundian Francs per liter,BIF/L,f,"{""factor"": null}",0
1029,Central African CFA Franc per unit,Central African CFA Francs per unit,XAF/unit,f,"{""factor"": null}",0
1030,Gambian Dalasi per unit,Gambian Dalasis per unit,GMD/unit,f,"{""factor"": null}",0
1031,Guatemalan Quetzal per unit,Guatemalan Quetzales per unit,GTQ/unit,f,"{""factor"": null}",0
1032,Iraqi Dinar per cylinder,Iraqi Dinars per cylinder,IQD/cylinder,f,"{""factor"": null}",0
1033,Iraqi Dinar per unit,Iraqi Dinars per unit,IQD/unit,f,"{""factor"": null}",0
1034,Nigerian Naira per kilogram,Nigerian Nairas per kilogram,NGN/kg,f,"{""factor"": null}",0
1035,Nigerian Naira per liter,Nigerian Nairas per liter,NGN/L,f,"{""factor"": null}",0
1036,Nigerian Naira per unit,Nigerian Nairas per unit,NGN/unit,f,"{""factor"": null}",0
1037,Rwandan Franc per sack,Rwandan Francs per sack,RWF/sack,f,"{""factor"": null}",0
1038,Rwandan Franc per unit,Rwandan Francs per unit,RWF/unit,f,"{""factor"": null}",0
1039,Syrian Pound per packet,Syrian Pounds per packet,SYP/packet,f,"{""factor"": null}",0
1040,Syrian Pound per tonne,Syrian Pounds per tonne,SYP/t,f,"{""factor"": null}",0
1041,Syrian Pound per unit,Syrian Pounds per unit,SYP/unit,f,"{""factor"": null}",0
1042,Turkish Lira per kilowatt-hour,Turkish Liras per kilowatt-hour,TRY/kWh,f,"{""factor"": null}",0
1043,Turkish Lira per unit,Turkish Liras per unit,TRY/unit,f,"{""factor"": null}",0
1044,Ugandan Shilling per liter,Ugandan Shillings per liter,UGX/L,f,"{""factor"": null}",0
1045,Colombian Peso per unit,Colombian Pesos per unit,COP/unit,f,"{""factor"": null}",0
1046,Congolese Franc per course,Congolese Francs per course,CDF/course,f,"{""factor"": null}",0
1047,Israeli New Sheqel per cubic meter,Israeli New Sheqels per cubic meter,NIS/m³,f,"{""factor"": null}",0
1048,Syrian Pound per cubic meter,Syrian Pounds per cubic meter,SYP/m³,f,"{""factor"": null}",0
1049,Turkish Lira per course,Turkish Liras per course,TRY/course,f,"{""factor"": null}",0
1050,Turkish Lira per cubic meter,Turkish Liras per cubic meter,TRY/m³,f,"{""factor"": null}",0
1051,Turkish Lira per package,Turkish Liras per package,TRY/package,f,"{""factor"": null}",0
1052,Ukrainian Hryvnia per loaf,Ukrainian Hryvnias per loaf,UAH/loaf,f,"{""factor"": null}",0
1053,ear corn bushel,ear corn bushels,70-lb bu,f,"{""factor"": 31.7514659}",0
1054,shelled corn bushel,shelled corn bushels,56-lb bu,f,"{""factor"": 25.40117272}",0
1055,kaffir corn bushel,kaffir corn bushels,56-lb bu,f,"{""factor"": 25.40117272}",0
1056,alfalfa seed bushel,alfalfa seed bushels,60-lb bu,f,"{""factor"": 27.2155422}",0
1057,green apples bushel,green apples bushels,47-lb bu,f,"{""factor"": 21.31884139}",0
1058,dried apples bushel,dried apples bushels,24-lb bu,f,"{""factor"": 10.88621688}",0
1059,"bushel (green beans, wax beans)","bushels (green beans, wax beans)",24-lb bu,f,"{""factor"": 10.88621688}",0
1060,white beans bushel,white beans bushels,60-lb bu,f,"{""factor"": 27.2155422}",0
1061,beets bushel,beets bushels,60-lb bu,f,"{""factor"": 27.2155422}",0
1062,blue grass seed bushel,blue grass seed bushels,14-lb bu,f,"{""factor"": 6.35029318}",0
1063,bran bushel,bran bushels,20-lb bu,f,"{""factor"": 9.0718474}",0
1064,buckwheat bushel,buckwheat bushels,52-lb bu,f,"{""factor"": 23.58680324}",0
1065,carrots bushel,carrots bushels,50-lb bu,f,"{""factor"": 22.6796185}",0
1066,charcoal bushel,charcoal bushels,20-lb bu,f,"{""factor"": 9.0718474}",0
1067,clover seed bushel,clover seed bushels,60-lb bu,f,"{""factor"": 27.2155422}",0
1068,cottonseed bushel,cottonseed bushels,32-lb bu,f,"{""factor"": 14.51495584}",0
1069,emmer bushel,emmer bushels,40-lb bu,f,"{""factor"": 18.1436948}",0
1070,cucumbers bushel,cucumbers bushels,48-lb bu,f,"{""factor"": 21.77243376}",0
1071,cranberries bushel,cranberries bushels,33-lb bu,f,"{""factor"": 14.96854821}",0
1072,unbolted corn meal bushel,unbolted corn meal bushels,48-lb bu,f,"{""factor"": 21.77243376}",0
1073,broom corn seed bushel,broom corn seed bushels,48-lb bu,f,"{""factor"": 21.77243376}",0
1074,gooseberries bushel,gooseberries bushels,40-lb bu,f,"{""factor"": 18.1436948}",0
1075,hemp seed bushel,hemp seed bushels,44-lb bu,f,"{""factor"": 19.95806428}",0
1076,hickory nuts bushel,hickory nuts bushels,50-lb bu,f,"{""factor"": 22.6796185}",0
1077,hungarian grass seed bushel,hungarian grass seed bushels,50-lb bu,f,"{""factor"": 22.6796185}",0
1078,lime bushel,lime bushels,80-lb bu,f,"{""factor"": 36.2873896}",0
1079,malt bushel,malt bushels,34-lb bu,f,"{""factor"": 15.42214058}",0
1080,Japanese millet bushel,Japanese millet bushels,35-lb bu,f,"{""factor"": 15.87573295}",0
1081,oats bushel,oats bushels,32-lb bu,f,"{""factor"": 14.51495584}",0
1082,onions bushel,onions bushels,57-lb bu,f,"{""factor"": 25.85476509}",0
1083,top set onions bushel,top set onions bushels,30-lb bu,f,"{""factor"": 13.6077711}",0
1084,bottom set onions bushel,bottom set onions bushels,32-lb bu,f,"{""factor"": 14.51495584}",0
1085,orchard grass seed bushel,orchard grass seed bushels,14-lb bu,f,"{""factor"": 6.35029318}",0
1086,osage orange seed bushel,osage orange seed bushels,33-lb bu,f,"{""factor"": 14.96854821}",0
1087,parsnips bushel,parsnips bushels,50-lb bu,f,"{""factor"": 22.6796185}",0
1088,dried peaches bushel,dried peaches bushels,33-lb bu,f,"{""factor"": 14.96854821}",0
1089,green peanuts bushel,green peanuts bushels,22-lb bu,f,"{""factor"": 9.97903214}",0
1090,pears bushel,pears bushels,58-lb bu,f,"{""factor"": 26.30835746}",0
1091,dried peas bushel,dried peas bushels,60-lb bu,f,"{""factor"": 27.2155422}",0
1092,green peas in pod bushel,green peas in pod bushels,32-lb bu,f,"{""factor"": 14.51495584}",0
1093,ear popcorn bushel,ear popcorn bushels,70-lb bu,f,"{""factor"": 31.7514659}",0
1094,shelled popcorn bushel,shelled popcorn bushels,56-lb bu,f,"{""factor"": 25.40117272}",0
1095,quinces bushel,quinces bushels,48-lb bu,f,"{""factor"": 21.77243376}",0
1096,red top seed bushel,red top seed bushels,14-lb bu,f,"{""factor"": 6.35029318}",0
1097,rough rice bushel,rough rice bushels,45-lb bu,f,"{""factor"": 20.41165665}",0
1098,rutabagas bushel,rutabagas bushels,50-lb bu,f,"{""factor"": 22.6796185}",0
1099,rye meal bushel,rye meal bushels,50-lb bu,f,"{""factor"": 22.6796185}",0
1100,shorts bushel,shorts bushels,20-lb bu,f,"{""factor"": 9.0718474}",0
1101,sorghum seed bushel,sorghum seed bushels,50-lb bu,f,"{""factor"": 22.6796185}",0
1102,spelt bushel,spelt bushels,40-lb bu,f,"{""factor"": 18.1436948}",0
1103,spinach bushel,spinach bushels,12-lb bu,f,"{""factor"": 5.44310844}",0
1104,unhulled sweet clover seed bushel,unhulled sweet clover seed bushels,33-lb bu,f,"{""factor"": 14.96854821}",0
1105,timothy seed bushel,timothy seed bushels,45-lb bu,f,"{""factor"": 20.41165665}",0
1106,tomatoes bushel,tomatoes bushels,56-lb bu,f,"{""factor"": 25.40117272}",0
1107,turnips bushel,turnips bushels,55-lb bu,f,"{""factor"": 24.94758035}",0
1108,walnuts bushel,walnuts bushels,50-lb bu,f,"{""factor"": 22.6796185}",0
1109,megajoule,megajoules,MJ,f,"{""factor"": 1000000}",0
1110,gigajoule,gigajoules,GJ,f,"{""factor"": 1000000000}",0
1111,petajoule,petajoules,PJ,f,"{""factor"": 1000000000000000}",0
1112,forage sorghum bushel,forage sorghum bushels,50-lb bu,f,"{""factor"": 22.6796185}",0
1113,cubic meter proof equivalent,cubic meters proof equivalent,m³ proof equivalent,t,"{""factor"": 1}",0
1114,forty-foot equivalent unit,forty-foot equivalent units,FEU,f,"{""factor"": null}",0
1115,board foot,board feet,BF,f,"{""factor"": 0.0023597372}",0
1116,1000 board feet,1000 board feet,MBF,f,"{""factor"": 2.3597372}",0
1117,tap,taps,tap,f,"{""factor"": 1}",0
1118,chicken,chickens,chicken,t,"{""factor"": 1}",0
1119,100 chickens,100 chickens,100 chickens,f,"{""factor"": 100}",0
1120,plant,plants,plant,t,"{""factor"": 1}",0
1121,corn ear,corn ears,corn ear,t,"{""factor"": 1}",0
1122,lamb,lambs,lamb,t,"{""factor"": 1}",0
1123,ewe,ewes,ewe,t,"{""factor"": 1}",0
1124,woman,women,woman,t,"{""factor"": 1}",0
1125,1000 women,1000 women,1000 women,f,"{""factor"": 1000}",0
1126,live birth,live births,live birth,f,"{""factor"": 1}",0
1127,1000 live births,1000 live births,1000 live births,f,"{""factor"": 1000}",0
1128,kilogram per cubic meter,kilograms per cubic meter,kg/m³,t,"{""factor"": 1}",0
1129,moles per kilogram,moles per kilogram,mol/kg,t,"{""factor"": 1}",0
1130,centimole per kilogram,centimoles per kilogram,cmol/kg,t,"{""factor"": 0.01}",0
1131,pH,pH,pH,t,"{""factor"": null}",0
1132,mass percent,mass percent,mass %,f,"{""factor"": null}",0
1133,volume percent,volume percent,volume %,f,"{""factor"": null}",0
1134,centner,centners,centner,f,"{""factor"": 100}",0
1135,centner per hectare,centners per hectare,centner/ha,f,"{""factor"": 0.01}",0
1136,microgram,micrograms,mg,f,"{""factor"": 1e-6}",0
1137,nanogram,nanograms,ng,f,"{""factor"": 1e-9}",0
1138,troy ounce,troy ounces,TOZ,f,"{""factor"": 0.0311035}",0
1139,megatonne,megatonnes,Mt,f,"{""factor"": 1e9}",0
1140,item,items,item,t,"{""factor"": 1}",0
1141,kilojoule,kilojoules,kJ,f,"{""factor"": 1e3}",0
1142,Zimbabwean dollar,Zimbabwean dollars,ZWL,f,"{""factor"": null}",0
1143,Tanzanian shilling,Tanzanian shillings,TZS,f,"{""factor"": null}",0
1144,Kenyan shilling,Kenyan shillings,KES,f,"{""factor"": null}",0
1145,Ugandan shilling,Ugandan shillings,UGX,f,"{""factor"": null}",0
1146,Afghan afghani,Afghan afghanis,AFN,f,"{""factor"": null}",0
1147,Albanian lek,Albanian leks,ALL,f,"{""factor"": null}",0
1148,Algerian dinar,Algerian dinars,DZD,f,"{""factor"": null}",0
1149,Argentine peso,Argentine pesos,ARS,f,"{""factor"": null}",0
1150,Aruban florin,Aruban florins,AWG,f,"{""factor"": null}",0
1151,Australian dollar,Australian dollars,AUD,f,"{""factor"": null}",0
1152,Azerbaijani manat,Azerbaijani manats,AZN,f,"{""factor"": null}",0
1153,Bahamian dollar,Bahamian dollars,BSD,f,"{""factor"": null}",0
1154,Bahraini dinar,Bahraini dinars,BHD,f,"{""factor"": null}",0
1155,Barbados dollar,Barbados dollars,BBD,f,"{""factor"": null}",0
1156,Belarusian ruble,Belarusian rubles,BYB,f,"{""factor"": null}",0
1157,"Belarusian ruble, old","Belarusian rubles, old",BYR,f,"{""factor"": null}",0
1158,Belize dollar,Belize dollars,BZD,f,"{""factor"": null}",0
1159,Bermudian dollar,Bermudian dollars,BMD,f,"{""factor"": null}",0
1160,Bitcoin,Bitcoins,XBT,f,"{""factor"": null}",0
1161,Bolivian boliviano,Bolivian bolivianos,BOB,f,"{""factor"": null}",0
1162,Bosnia-Herzegovina convertible mark,Bosnia-Herzegovina convertible marks,BAM,f,"{""factor"": null}",0
1163,Botswana pula,Botswana pulas,BWP,f,"{""factor"": null}",0
1164,Pound sterling,Pound sterling,GBP,f,"{""factor"": null}",0
1165,Brunei dollar,Brunei dollars,BND,f,"{""factor"": null}",0
1166,Bulgarian lev,Bulgarian levs,BGN,f,"{""factor"": null}",0
1167,Burmese kyat,Burmese kyat,MMK,f,"{""factor"": null}",0
1168,Burundian franc,Burundian Francs per liter,BIF,f,"{""factor"": null}",0
1169,CFA franc,CFA francs,XOF,f,"{""factor"": null}",0
1170,CFP franc,CFP francs,XPF,f,"{""factor"": null}",0
1171,Cambodian riel,Cambodian riels,KHR,f,"{""factor"": null}",0
1172,Cape Verde escudo,Cape Verde escudo,CVE,f,"{""factor"": null}",0
1173,Cayman Islands dollar,Cayman Islands dollars,KYD,f,"{""factor"": null}",0
1174,Chilean Unidad de Fomento,Chilean Unidad de Fomento,CLF,f,"{""factor"": null}",0
1175,Chilean peso,Chilean pesos,CLP,f,"{""factor"": null}",0
1176,Chinese yuan renminbi,Chinese yuan renminbi,RMB,f,"{""factor"": null}",0
1177,Colombian peso,Colombian pesos,COP,f,"{""factor"": null}",0
1178,Comoro franc,Comoro francs,KMF,f,"{""factor"": null}",0
1179,Congolese franc,Congolese francs,CDF,f,"{""factor"": null}",0
1180,Costa Rican colón,Costa Rican colón,CRC,f,"{""factor"": null}",0
1181,Croatian kuna,Croatian kuna,HRK,f,"{""factor"": null}",0
1182,Cuban convertible peso,Cuban convertible pesos,CUC,f,"{""factor"": null}",0
1183,Cuban peso,Cuban pesos,CUP,f,"{""factor"": null}",0
1184,Czech koruna,Czech koruna,CZK,f,"{""factor"": null}",0
1185,Danish krone,Danish krone,DKK,f,"{""factor"": null}",0
1186,Djiboutian franc,Djiboutian francs,DJF,f,"{""factor"": null}",0
1187,Dominican peso,Dominican pesos,DOP,f,"{""factor"": null}",0
1188,East Caribbean dollar,East Caribbean dollars,XCD,f,"{""factor"": null}",0
1189,Egyptian pound,Egyptian pounds,EGP,f,"{""factor"": null}",0
1190,Eritrean nakfa,Eritrean nakfa,ERN,f,"{""factor"": null}",0
1191,Ethiopian birr,Ethiopian birr,ETB,f,"{""factor"": null}",0
1192,Falkland Islands pound,Falkland Islands pounds,FKP,f,"{""factor"": null}",0
1193,Fiji dollar,Fiji dollar,FJD,f,"{""factor"": null}",0
1194,Gambian dalasi,Gambian dalasi,GMD,f,"{""factor"": null}",0
1195,Georgian lari,Georgian lari,GEL,f,"{""factor"": null}",0
1196,Ghanaian cedi,Ghanaian cedis,GHS,f,"{""factor"": null}",0
1197,Gibraltar pound,Gibraltar pounds,GIP,f,"{""factor"": null}",0
1198,Gold ounce,Gold ounce,XAU,f,"{""factor"": null}",0
1199,Guatemalan quetzal,Guatemalan quetzales,GTQ,f,"{""factor"": null}",0
1200,Guernsey pound,Guernsey pounds,GGP,f,"{""factor"": null}",0
1201,Guinean franc,Guinean francs,GNF,f,"{""factor"": null}",0
1202,Guyanese dollar,Guyanese dollars,GYD,f,"{""factor"": null}",0
1203,Haitian gourde,Haitian gourdes,HTG,f,"{""factor"": null}",0
1204,Honduran lempira,Honduran lempira,HNL,f,"{""factor"": null}",0
1205,Hong Kong dollar,Hong Kong dollars,HKD,f,"{""factor"": null}",0
1206,Hungarian forint,Hungarian forint,HUF,f,"{""factor"": null}",0
1207,Icelandic króna,Icelandic króna,ISK,f,"{""factor"": null}",0
1208,Indonesian rupiah,Indonesian rupiah,IDR,f,"{""factor"": null}",0
1209,Iranian rial,Iranian rial,IRR,f,"{""factor"": null}",0
1210,Iraqi dinar,Iraqi dinar,IQD,f,"{""factor"": null}",0
1211,Isle of Man pound,Isle of Man pounds,IMP,f,"{""factor"": null}",0
1212,Israeli new shekel,Israeli new shekels,NIS,f,"{""factor"": null}",0
1213,Jamaican dollar,Jamaican dollars,JMD,f,"{""factor"": null}",0
1214,Japanese yen,Japanese yens,JPY,f,"{""factor"": null}",0
1215,Jersey pound,Jersey pounds,JEP,f,"{""factor"": null}",0
1216,Jordanian dinar,Jordanian dinars,JOD,f,"{""factor"": null}",0
1217,Kazakhstani tenge,Kazakhstani tenge,KZT,f,"{""factor"": null}",0
1219,Kuwaiti dinar,Kuwaiti dinars,KWD,f,"{""factor"": null}",0
1220,Kyrgyzstani som,Kyrgyzstani som,KGS,f,"{""factor"": null}",0
1221,Lao kip,Lao kip,LAK,f,"{""factor"": null}",0
1222,Latvian lat,Latvian lats,LVL,f,"{""factor"": null}",0
1223,Lebanese pound,Lebanese pounds,LBP,f,"{""factor"": null}",0
1224,Lesotho loti,Lesotho loti,LSL,f,"{""factor"": null}",0
1225,Liberian dollar,Liberian dollars,LRD,f,"{""factor"": null}",0
1226,Libyan dinar,Libyan dinars,LYD,f,"{""factor"": null}",0
1227,Lithuanian lita,Lithuanian litas,LTL,f,"{""factor"": null}",0
1228,Macanese pataca,Macanese pataca,MOP,f,"{""factor"": null}",0
1229,Macedonian denar,Macedonian denar,MKD,f,"{""factor"": null}",0
1230,Malagasy ariary,Malagasy ariary,MGA,f,"{""factor"": null}",0
1231,Malawian kwacha,Malawian kwachas,MWK,f,"{""factor"": null}",0
1232,Malaysian ringgit,Malaysian ringgit,MYR,f,"{""factor"": null}",0
1233,Maldivian rufiyaa,Maldivian rufiyaa,MVR,f,"{""factor"": null}",0
1234,Mauritanian ouguiya,Mauritanian ouguiya,MRU,f,"{""factor"": null}",0
1235,Mauritian rupee,Mauritian rupees,MUR,f,"{""factor"": null}",0
1236,Moldovan leu,Moldovan leu,MDL,f,"{""factor"": null}",0
1237,Mongolian tögrög,Mongolian tögrög,MNT,f,"{""factor"": null}",0
1238,Moroccan dirham,Moroccan dirham,MAD,f,"{""factor"": null}",0
1239,Mozambique metical,Mozambique meticals,MZN,f,"{""factor"": null}",0
1240,Namibian dollar,Namibian dollars,NAD,f,"{""factor"": null}",0
1241,Nepalese rupee,Nepalese rupees,NPR,f,"{""factor"": null}",0
1242,Netherlands Antillean guilder,Netherlands Antillean guilder,ANG,f,"{""factor"": null}",0
1243,New Taiwan dollar,New Taiwan dollars,TWD,f,"{""factor"": null}",0
1244,New Zealand dollar,New Zealand dollars,NZD,f,"{""factor"": null}",0
1245,Nicaraguan córdoba,Nicaraguan córdobas,NIO,f,"{""factor"": null}",0
1246,Nigerian naira,Nigerian nairas,NGN,f,"{""factor"": null}",0
1247,North Korean won,North Korean won,KPW,f,"{""factor"": null}",0
1248,Norwegian krone,Norwegian krone,NOK,f,"{""factor"": null}",0
1249,Omani rial,Omani rials,OMR,f,"{""factor"": null}",0
1250,Pakistani rupee,Pakistani rupees,PKR,f,"{""factor"": null}",0
1251,Panamanian balboa,Panamanian balboa,PAB,f,"{""factor"": null}",0
1252,Papua New Guinean kina,Papua New Guinean kina,PGK,f,"{""factor"": null}",0
1253,Paraguayan guaraní,Paraguayan guaraní,PYG,f,"{""factor"": null}",0
1254,Peruvian nuevo sol,Peruvian nuevo sol,PEN,f,"{""factor"": null}",0
1255,Philippine peso,Philippine pesos,PHP,f,"{""factor"": null}",0
1256,Polish zloty,Polish zloty,PLN,f,"{""factor"": null}",0
1257,Qatari riyal,Qatari riyal,QAR,f,"{""factor"": null}",0
1258,Romanian leu,Romanian leu,RON,f,"{""factor"": null}",0
1259,Russian ruble,Russian rubles,RUB,f,"{""factor"": null}",0
1260,Rwandan franc,Rwandan francs,RWF,f,"{""factor"": null}",0
1261,Saint Helena pound,Saint Helena pound,SHP,f,"{""factor"": null}",0
1262,Salvadoran colón,Salvadoran colón,SVC,f,"{""factor"": null}",0
1263,Samoan tālā,Samoan tālā,WST,f,"{""factor"": null}",0
1264,Saudi riyal,Saudi riyal,SAR,f,"{""factor"": null}",0
1265,Serbian dinar,Serbian dinar,RSD,f,"{""factor"": null}",0
1266,Seychellois rupee,Seychellois rupee,SCR,f,"{""factor"": null}",0
1267,Sierra Leonean leone,Sierra Leonean leone,SLL,f,"{""factor"": null}",0
1268,Silver ounce,Silver ounce,XAG,f,"{""factor"": null}",0
1269,Singapore dollar,Singapore dollars,SGP,f,"{""factor"": null}",0
1270,Solomon Islands dollar,Solomon Islands dollars,SBD,f,"{""factor"": null}",0
1271,Somali shilling,Somali shillings,SOS,f,"{""factor"": null}",0
1272,South African rand,South African rands,ZAR,f,"{""factor"": null}",0
1273,South Korean won,South Korean won,KRW,f,"{""factor"": null}",0
1274,Special Drawing Right (SDR),Special Drawing Rights (SDR),SDR,f,"{""factor"": null}",0
1275,Sri Lankan rupee,Sri Lankan rupees,LKR,f,"{""factor"": null}",0
1276,Sudanese pound,Sudanese pounds,SDG,f,"{""factor"": null}",0
1277,Surinamese dollar,Surinamese dollars,SRD,f,"{""factor"": null}",0
1278,Swazi lilangeni,Swazi lilangeni,SZL,f,"{""factor"": null}",0
1279,Swedish krona,Swedish krona,SEK,f,"{""factor"": null}",0
1280,Swiss franc,Swiss francs,CHF,f,"{""factor"": null}",0
1281,Syrian pound,Syrian pounds,SYP,f,"{""factor"": null}",0
1282,São Tomé and Príncipe dobra,São Tomé and Príncipe dobra,STN,f,"{""factor"": null}",0
1283,Tajikistani somoni,Tajikistani somoni,TJS,f,"{""factor"": null}",0
1285,Thai baht,Thai baht,THB,f,"{""factor"": null}",0
1286,Tongan paʻanga,Tongan paʻanga,TOP,f,"{""factor"": null}",0
1287,Trinidad and Tobago dollar,Trinidad and Tobago dollar,TTD,f,"{""factor"": null}",0
1288,Tunisian dinar,Tunisian dinars,TND,f,"{""factor"": null}",0
1289,Turkish lira,Turkish lira,TRY,f,"{""factor"": null}",0
1290,Turkmenistan new manat,Turkmenistan new manat,TMT,f,"{""factor"": null}",0
1291,UAE dirham,UAE dirham,AED,f,"{""factor"": null}",0
1292,US dollar,US dollars,USD,f,"{""factor"": null}",0
1294,Uruguayan peso,Uruguayan pesos,UYU,f,"{""factor"": null}",0
1295,Uzbekistan som,Uzbekistan som,UZS,f,"{""factor"": null}",0
1296,Vanuatu vatu,Vanuatu vatu,VUV,f,"{""factor"": null}",0
1297,Venezuelan bolívar,Venezuelan bolívar,VES,f,"{""factor"": null}",0
1298,West African CFA franc,West African CFA francs,XAF,f,"{""factor"": null}",0
1299,Yemeni rial,Yemeni rial,YER,f,"{""factor"": null}",0
1300,Zambian kwacha,Zambian kwachas,ZMW,f,"{""factor"": null}",0
1301,"Zambian kwacha, old","Zambian kwachas, old",ZMK,f,"{""factor"": null}",0
1302,Zimbabwean dollar,Zimbabwean dollars,ZWL,f,"{""factor"": null}",0
1303,Angolan kwanza,Angolan kwanza,AOK,f,"{""factor"": null}",0
1304,Brazilian arroba,Brazilian arroba,@,f,"{""factor"": 15}",0
1305,50 pounds,50 pounds,50-lb,f,"{""factor"": 22.6796}",0
1306,"80,000 kernels","80,000 kernels","80,000 kernels",f,"{""factor"": 1}",0
1307,hive,hives,hive,f,"{""factor"": 1}",0
1308,crate,crates,crate,f,"{""factor"": 1}",0
1309,blackbuck,blackbuck,blackbuck,f,"{""factor"": null}",0
1310,bpaintrubber,bpaintrubber,bpaintrubber,f,"{""factor"": null}",0
1311,cuartilla,cuartilla,cuartilla,f,"{""factor"": null}",0
1312,kokobowl,kokobowl,kokobowl,f,"{""factor"": null}",0
1313,margarinetin,margarinetin,margarinetin,f,"{""factor"": null}",0
1314,marmite,marmite,marmite,f,"{""factor"": null}",0
1315,olonka,olonka,olonka,f,"{""factor"": null}",0
1316,paint bucket,paint bucket,paint bucket,f,"{""factor"": null}",0
1317,tomatin,tomatin,tomatin,f,"{""factor"": null}",0
